Objective Value,945332.0
Best Lower Bound,536931.0
Computation Time,134.56200003623962
Gap,0.43201859240986235
