Objective Value,945332.0
Best Lower Bound,-6480580.0
Computation Time,1802.7869999408722
Gap,7.855348173974858
