Objective Value,945332.0
Best Lower Bound,536931.0
Computation Time,128.58700013160706
Gap,0.43201859240986235
