Objective Value,2966934.0
Best Lower Bound,-6480580.0
Computation Time,1806.4140000343323
Gap,3.1842683389654103
