Objective Value,945332.0
Best Lower Bound,564721.2058086579
Computation Time,1801.0369999408722
Gap,0.40262129515486844
