Objective Value,174077.0
Best Lower Bound,137811.0
Computation Time,360.19600009918213
Gap,0.20833309397565444
