Objective Value,475566.0
Best Lower Bound,272143.04000000004
Computation Time,66.87599992752075
Gap,0.42774916625662884
