Objective Value,468326.0
Best Lower Bound,301289.0
Computation Time,1800.587000131607
Gap,0.3566682182923861
