Objective Value,2310863.0
Best Lower Bound,-4568734.0
Computation Time,1801.638000011444
Gap,2.9770683073812685
