Objective Value,682973.0
Best Lower Bound,395635.0
Computation Time,148.44299983978271
Gap,0.4207164851319159
