Objective Value,671090.0
Best Lower Bound,428823.0
Computation Time,1801.2160000801086
Gap,0.36100523029697956
