Objective Value,73112.0
Best Lower Bound,72252.0
Computation Time,360.4379999637604
Gap,0.011762774920669657
