Objective Value,319398.0
Best Lower Bound,199121.0
Computation Time,360.34099984169006
Gap,0.3765740549408575
