Objective Value,319398.0
Best Lower Bound,180560.0
Computation Time,20.449000120162964
Gap,0.434686503985623
