Objective Value,176618.0
Best Lower Bound,117129.0
Computation Time,360.3159999847412
Gap,0.3368229738758224
