Objective Value,14091.2846
Best Lower Bound,7293.165883333333
Computation Time,0.031000137329101562
Gap,0.4824342783245374
