Objective Value,482717.0
Best Lower Bound,266026.0
Computation Time,229.73099994659424
Gap,0.44889863004617614
