Objective Value,482717.0
Best Lower Bound,266026.0
Computation Time,129.50200009346008
Gap,0.44889863004617614
