Objective Value,482717.0
Best Lower Bound,-5021100.0
Computation Time,1801.1600000858307
Gap,11.401746779168747
