Objective Value,1235340.0
Best Lower Bound,-5021100.0
Computation Time,1801.8529999256134
Gap,5.06454903103599
