Objective Value,482717.0
Best Lower Bound,287567.0
Computation Time,1800.9279999732971
Gap,0.4042741399204917
