Objective Value,300396.0
Best Lower Bound,175481.0
Computation Time,43.27300000190735
Gap,0.4158344318832474
