Objective Value,300396.0
Best Lower Bound,186584.0
Computation Time,360.5860002040863
Gap,0.37887322068203305
