Objective Value,468551.0
Best Lower Bound,324288.0
Computation Time,1800.4189999103546
Gap,0.30789177698905773
