Objective Value,468551.0
Best Lower Bound,279065.0
Computation Time,49.45199990272522
Gap,0.4044084848821153
